Epitope,Species,Categories,Protein_ref,Ref_type,Journal_refs
AAAAAAAAY,HUMAN; RAT,SYNTHETIC; SELF PEPTIDE,not applicable; Q04727; Q07141,Uniprot,JOURNAL OF IMMUNOLOGY 1998 161 617-624; MOLECULAR IMMUNOLOGY 1998 35 427-433
AAADAAAAY,HUMAN; RAT,SYNTHETIC; SELF PEPTIDE,not applicable; Q04727; Q07141,Uniprot,JOURNAL OF IMMUNOLOGY 1998 161 617-624; MOLECULAR IMMUNOLOGY 1998 35 427-433
AAAEAAAAY,HUMAN; RAT,SYNTHETIC; SELF PEPTIDE,not applicable; Q04727; Q07141,Uniprot,JOURNAL OF IMMUNOLOGY 1998 161 617-624; MOLECULAR IMMUNOLOGY 1998 35 427-433
AAAFAAAAY,HUMAN; RAT,SYNTHETIC; SELF PEPTIDE,not applicable; Q04727; Q07141,Uniprot,JOURNAL OF IMMUNOLOGY 1998 161 617-624; MOLECULAR IMMUNOLOGY 1998 35 427-433
AAAGAAAAY,HUMAN; RAT,SYNTHETIC; SELF PEPTIDE,not applicable; Q04727; Q07141,Uniprot,JOURNAL OF IMMUNOLOGY 1998 161 617-624; MOLECULAR IMMUNOLOGY 1998 35 427-433
AAAHAAAAY,HUMAN; RAT,SYNTHETIC; SELF PEPTIDE,not applicable; Q04727; Q07141,Uniprot,JOURNAL OF IMMUNOLOGY 1998 161 617-624; MOLECULAR IMMUNOLOGY 1998 35 427-433
AAAIAAAAY,HUMAN; RAT,SYNTHETIC; SELF PEPTIDE,not applicable; Q04727; Q07141,Uniprot,JOURNAL OF IMMUNOLOGY 1998 161 617-624; MOLECULAR IMMUNOLOGY 1998 35 427-433
AAAKAAAAY,HUMAN; RAT,SYNTHETIC; SELF PEPTIDE,not applicable; Q04727; Q07141,Uniprot,JOURNAL OF IMMUNOLOGY 1998 161 617-624; MOLECULAR IMMUNOLOGY 1998 35 427-433
AAALAAAAY,HUMAN; RAT,SYNTHETIC; SELF PEPTIDE,not applicable; Q04727; Q07141,Uniprot,JOURNAL OF IMMUNOLOGY 1998 161 617-624; MOLECULAR IMMUNOLOGY 1998 35 427-433
AAAMAAAAY,HUMAN; RAT,SYNTHETIC; SELF PEPTIDE,not applicable; Q04727; Q07141,Uniprot,JOURNAL OF IMMUNOLOGY 1998 161 617-624; MOLECULAR IMMUNOLOGY 1998 35 427-433
AAANAAAAY,HUMAN; RAT,SYNTHETIC; SELF PEPTIDE,not applicable; Q04727; Q07141,Uniprot,JOURNAL OF IMMUNOLOGY 1998 161 617-624; MOLECULAR IMMUNOLOGY 1998 35 427-433
AAAPAAAAY,HUMAN; RAT,SYNTHETIC; SELF PEPTIDE,not applicable; Q04727; Q07141,Uniprot,JOURNAL OF IMMUNOLOGY 1998 161 617-624; MOLECULAR IMMUNOLOGY 1998 35 427-433
AAAQAAAAY,HUMAN; RAT,SYNTHETIC; SELF PEPTIDE,not applicable; Q04727; Q07141,Uniprot,JOURNAL OF IMMUNOLOGY 1998 161 617-624; MOLECULAR IMMUNOLOGY 1998 35 427-433
AAARAAAAY,HUMAN; RAT,SYNTHETIC; SELF PEPTIDE,not applicable; Q04727; Q07141,Uniprot,JOURNAL OF IMMUNOLOGY 1998 161 617-624; MOLECULAR IMMUNOLOGY 1998 35 427-433
AAASAAAAA,HUMAN; RAT,SYNTHETIC; SELF PEPTIDE,not applicable; Q04727; Q07141,Uniprot,JOURNAL OF IMMUNOLOGY 1998 161 617-624; MOLECULAR IMMUNOLOGY 1998 35 427-433; JOURNAL OF IMMUNOLOGY 1997 159 2350-2357
AAASAAAAD,HUMAN; RAT,SYNTHETIC; SELF PEPTIDE,not applicable; Q04727; Q07141,Uniprot,JOURNAL OF IMMUNOLOGY 1998 161 617-624; MOLECULAR IMMUNOLOGY 1998 35 427-433
AAASAAAAE,HUMAN; RAT,SYNTHETIC; SELF PEPTIDE,not applicable; Q04727; Q07141,Uniprot,JOURNAL OF IMMUNOLOGY 1998 161 617-624; MOLECULAR IMMUNOLOGY 1998 35 427-433
AAASAAAAF,HUMAN; RAT,SYNTHETIC; SELF PEPTIDE,not applicable; Q04727; Q07141,Uniprot,JOURNAL OF IMMUNOLOGY 1998 161 617-624; MOLECULAR IMMUNOLOGY 1998 35 427-433
AAASAAAAG,HUMAN; RAT,SYNTHETIC; SELF PEPTIDE,not applicable; Q04727; Q07141,Uniprot,JOURNAL OF IMMUNOLOGY 1998 161 617-624; MOLECULAR IMMUNOLOGY 1998 35 427-433
AAASAAAAH,HUMAN; RAT,SYNTHETIC; SELF PEPTIDE,not applicable; Q04727; Q07141,Uniprot,JOURNAL OF IMMUNOLOGY 1998 161 617-624; MOLECULAR IMMUNOLOGY 1998 35 427-433
AAASAAAAI,HUMAN; RAT,SYNTHETIC; SELF PEPTIDE,not applicable; Q04727; Q07141,Uniprot,JOURNAL OF IMMUNOLOGY 1998 161 617-624; MOLECULAR IMMUNOLOGY 1998 35 427-433
AAASAAAAK,HUMAN; RAT,SYNTHETIC; SELF PEPTIDE,not applicable; Q04727; Q07141,Uniprot,JOURNAL OF IMMUNOLOGY 1998 161 617-624; MOLECULAR IMMUNOLOGY 1998 35 427-433; JOURNAL OF IMMUNOLOGY 1997 159 2350-2357
AAASAAAAL,HUMAN; RAT,SYNTHETIC; SELF PEPTIDE,not applicable; Q04727; Q07141,Uniprot,JOURNAL OF IMMUNOLOGY 1998 161 617-624; MOLECULAR IMMUNOLOGY 1998 35 427-433
AAASAAAAM,HUMAN; RAT,SYNTHETIC; SELF PEPTIDE,not applicable; Q04727; Q07141,Uniprot,JOURNAL OF IMMUNOLOGY 1998 161 617-624; MOLECULAR IMMUNOLOGY 1998 35 427-433
AAASAAAAN,HUMAN; RAT,SYNTHETIC; SELF PEPTIDE,not applicable; Q04727; Q07141,Uniprot,JOURNAL OF IMMUNOLOGY 1998 161 617-624; MOLECULAR IMMUNOLOGY 1998 35 427-433
AAASAAAAP,HUMAN; RAT,SYNTHETIC; SELF PEPTIDE,not applicable; Q04727; Q07141,Uniprot,JOURNAL OF IMMUNOLOGY 1998 161 617-624; MOLECULAR IMMUNOLOGY 1998 35 427-433; JOURNAL OF IMMUNOLOGY 1997 159 2350-2357
AAASAAAAQ,HUMAN; RAT,SYNTHETIC; SELF PEPTIDE,not applicable; Q04727; Q07141,Uniprot,JOURNAL OF IMMUNOLOGY 1998 161 617-624; MOLECULAR IMMUNOLOGY 1998 35 427-433; JOURNAL OF IMMUNOLOGY 1997 159 2350-2357
AAASAAAAR,HUMAN; RAT,SYNTHETIC; SELF PEPTIDE,not applicable; Q04727; Q07141,Uniprot,JOURNAL OF IMMUNOLOGY 1998 161 617-624; MOLECULAR IMMUNOLOGY 1998 35 427-433
AAASAAAAS,HUMAN; RAT,SYNTHETIC; SELF PEPTIDE,not applicable; Q04727; Q07141,Uniprot,JOURNAL OF IMMUNOLOGY 1998 161 617-624; MOLECULAR IMMUNOLOGY 1998 35 427-433; JOURNAL OF IMMUNOLOGY 1997 159 2350-2357
AAASAAAAT,HUMAN; RAT,SYNTHETIC; SELF PEPTIDE,not applicable; Q04727; Q07141,Uniprot,JOURNAL OF IMMUNOLOGY 1998 161 617-624; MOLECULAR IMMUNOLOGY 1998 35 427-433
AAASAAAAV,HUMAN; RAT,SYNTHETIC; SELF PEPTIDE,not applicable; Q04727; Q07141,Uniprot,JOURNAL OF IMMUNOLOGY 1998 161 617-624; MOLECULAR IMMUNOLOGY 1998 35 427-433
AAASAAAAW,HUMAN; RAT,SYNTHETIC; SELF PEPTIDE,not applicable; Q04727; Q07141,Uniprot,JOURNAL OF IMMUNOLOGY 1998 161 617-624; MOLECULAR IMMUNOLOGY 1998 35 427-433
AAASAAAAY,HUMAN,SYNTHETIC; SELF PEPTIDE,not applicable; Q04727,Uniprot,JOURNAL OF IMMUNOLOGY 1998 161 617-624; MOLECULAR IMMUNOLOGY 1998 35 427-433; JOURNAL OF IMMUNOLOGY 1997 159 2350-2357
AAASAAADY,HUMAN; RAT,SELF PEPTIDE,Q04727; Q07141,Uniprot,MOLECULAR IMMUNOLOGY 1998 35 427-433
AAASAAAEY,HUMAN; RAT,SELF PEPTIDE,Q04727; Q07141,Uniprot,MOLECULAR IMMUNOLOGY 1998 35 427-433
AAASAAAFY,HUMAN; RAT,SELF PEPTIDE,Q04727; Q07141,Uniprot,MOLECULAR IMMUNOLOGY 1998 35 427-433
AAASAAAGY,HUMAN; RAT,SELF PEPTIDE,Q04727; Q07141,Uniprot,MOLECULAR IMMUNOLOGY 1998 35 427-433
AAASAAAHY,HUMAN; RAT,SELF PEPTIDE,Q04727; Q07141,Uniprot,MOLECULAR IMMUNOLOGY 1998 35 427-433
AAASAAAIY,HUMAN; RAT,SELF PEPTIDE,Q04727; Q07141,Uniprot,MOLECULAR IMMUNOLOGY 1998 35 427-433
AAASAAAKY,HUMAN; RAT,SELF PEPTIDE,Q04727; Q07141,Uniprot,MOLECULAR IMMUNOLOGY 1998 35 427-433
AAASAAALY,HUMAN; RAT,SELF PEPTIDE,Q04727; Q07141,Uniprot,MOLECULAR IMMUNOLOGY 1998 35 427-433
AAASAAAMY,HUMAN; RAT,SELF PEPTIDE,Q04727; Q07141,Uniprot,MOLECULAR IMMUNOLOGY 1998 35 427-433
AAASAAANY,HUMAN; RAT,SELF PEPTIDE,Q04727; Q07141,Uniprot,MOLECULAR IMMUNOLOGY 1998 35 427-433
AAASAAAPY,HUMAN; RAT,SELF PEPTIDE,Q04727; Q07141,Uniprot,MOLECULAR IMMUNOLOGY 1998 35 427-433
AAASAAAQY,HUMAN; RAT,SELF PEPTIDE,Q04727; Q07141,Uniprot,MOLECULAR IMMUNOLOGY 1998 35 427-433
AAASAAARY,HUMAN; RAT,SELF PEPTIDE,Q04727; Q07141,Uniprot,MOLECULAR IMMUNOLOGY 1998 35 427-433
AAASAAASY,HUMAN; RAT,SELF PEPTIDE,Q04727; Q07141,Uniprot,MOLECULAR IMMUNOLOGY 1998 35 427-433
AAASAAATY,HUMAN; RAT,SELF PEPTIDE,Q04727; Q07141,Uniprot,MOLECULAR IMMUNOLOGY 1998 35 427-433
AAASAAAVY,HUMAN; RAT,SELF PEPTIDE,Q04727; Q07141,Uniprot,MOLECULAR IMMUNOLOGY 1998 35 427-433
AAASAAAWY,HUMAN; RAT,SELF PEPTIDE,Q04727; Q07141,Uniprot,MOLECULAR IMMUNOLOGY 1998 35 427-433
AAASAAAYY,HUMAN; RAT,SELF PEPTIDE,Q04727; Q07141,Uniprot,MOLECULAR IMMUNOLOGY 1998 35 427-433
AAASAADAY,HUMAN; RAT,SYNTHETIC; SELF PEPTIDE,not applicable; Q04727; Q07141,Uniprot,JOURNAL OF IMMUNOLOGY 1998 161 617-624; MOLECULAR IMMUNOLOGY 1998 35 427-433
AAASAAEAY,HUMAN; RAT,SYNTHETIC; SELF PEPTIDE,not applicable; Q04727; Q07141,Uniprot,JOURNAL OF IMMUNOLOGY 1998 161 617-624; MOLECULAR IMMUNOLOGY 1998 35 427-433
AAASAAFAY,HUMAN; RAT,SYNTHETIC; SELF PEPTIDE,not applicable; Q04727; Q07141,Uniprot,JOURNAL OF IMMUNOLOGY 1998 161 617-624; MOLECULAR IMMUNOLOGY 1998 35 427-433
AAASAAGAY,HUMAN; RAT,SYNTHETIC; SELF PEPTIDE,not applicable; Q04727; Q07141,Uniprot,JOURNAL OF IMMUNOLOGY 1998 161 617-624; MOLECULAR IMMUNOLOGY 1998 35 427-433; JOURNAL OF IMMUNOLOGY 1997 159 2350-2357
AAASAAHAY,HUMAN; RAT,SYNTHETIC; SELF PEPTIDE,not applicable; Q04727; Q07141,Uniprot,JOURNAL OF IMMUNOLOGY 1998 161 617-624; MOLECULAR IMMUNOLOGY 1998 35 427-433
AAASAAIAY,HUMAN; RAT,SYNTHETIC; SELF PEPTIDE,not applicable; Q04727; Q07141,Uniprot,JOURNAL OF IMMUNOLOGY 1998 161 617-624; MOLECULAR IMMUNOLOGY 1998 35 427-433
AAASAAKAY,HUMAN; RAT,SYNTHETIC; SELF PEPTIDE,not applicable; Q04727; Q07141,Uniprot,JOURNAL OF IMMUNOLOGY 1998 161 617-624; MOLECULAR IMMUNOLOGY 1998 35 427-433
AAASAALAY,HUMAN; RAT,SYNTHETIC; SELF PEPTIDE,not applicable; Q04727; Q07141,Uniprot,JOURNAL OF IMMUNOLOGY 1998 161 617-624; MOLECULAR IMMUNOLOGY 1998 35 427-433
AAASAAMAY,HUMAN; RAT,SYNTHETIC; SELF PEPTIDE,not applicable; Q04727; Q07141,Uniprot,JOURNAL OF IMMUNOLOGY 1998 161 617-624; MOLECULAR IMMUNOLOGY 1998 35 427-433
AAASAANAY,HUMAN; RAT,SYNTHETIC; SELF PEPTIDE,not applicable; Q04727; Q07141,Uniprot,JOURNAL OF IMMUNOLOGY 1998 161 617-624; MOLECULAR IMMUNOLOGY 1998 35 427-433
AAASAAPAY,HUMAN; RAT,SYNTHETIC; SELF PEPTIDE,not applicable; Q04727; Q07141,Uniprot,JOURNAL OF IMMUNOLOGY 1998 161 617-624; MOLECULAR IMMUNOLOGY 1998 35 427-433; JOURNAL OF IMMUNOLOGY 1997 159 2350-2357
AAASAAPEY,HUMAN,SYNTHETIC,not applicable,Uniprot,JOURNAL OF IMMUNOLOGY 1998 161 617-624
AAASAAQAY,HUMAN; RAT,SYNTHETIC; SELF PEPTIDE,not applicable; Q04727; Q07141,Uniprot,JOURNAL OF IMMUNOLOGY 1998 161 617-624; MOLECULAR IMMUNOLOGY 1998 35 427-433
AAASAARAY,HUMAN; RAT,SYNTHETIC; SELF PEPTIDE,not applicable; Q04727; Q07141,Uniprot,JOURNAL OF IMMUNOLOGY 1998 161 617-624; MOLECULAR IMMUNOLOGY 1998 35 427-433
AAASAASAY,HUMAN; RAT,SYNTHETIC; SELF PEPTIDE,not applicable; Q04727; Q07141,Uniprot,JOURNAL OF IMMUNOLOGY 1998 161 617-624; MOLECULAR IMMUNOLOGY 1998 35 427-433
AAASAATAY,HUMAN; RAT,SYNTHETIC; SELF PEPTIDE,not applicable; Q04727; Q07141,Uniprot,JOURNAL OF IMMUNOLOGY 1998 161 617-624; MOLECULAR IMMUNOLOGY 1998 35 427-433
AAASAAVAY,HUMAN; RAT,SYNTHETIC; SELF PEPTIDE,not applicable; Q04727; Q07141,Uniprot,JOURNAL OF IMMUNOLOGY 1998 161 617-624; MOLECULAR IMMUNOLOGY 1998 35 427-433
AAASAAWAY,HUMAN; RAT,SYNTHETIC; SELF PEPTIDE,not applicable; Q04727; Q07141,Uniprot,JOURNAL OF IMMUNOLOGY 1998 161 617-624; MOLECULAR IMMUNOLOGY 1998 35 427-433
AAASAAYAY,HUMAN; RAT,SYNTHETIC; SELF PEPTIDE,not applicable; Q04727; Q07141,Uniprot,JOURNAL OF IMMUNOLOGY 1998 161 617-624; MOLECULAR IMMUNOLOGY 1998 35 427-433
AAASADAAY,HUMAN; RAT,SYNTHETIC; SELF PEPTIDE,not applicable; Q04727; Q07141,Uniprot,JOURNAL OF IMMUNOLOGY 1998 161 617-624; MOLECULAR IMMUNOLOGY 1998 35 427-433
AAASAEAAY,HUMAN; RAT,SYNTHETIC; SELF PEPTIDE,not applicable; Q04727; Q07141,Uniprot,JOURNAL OF IMMUNOLOGY 1998 161 617-624; MOLECULAR IMMUNOLOGY 1998 35 427-433
AAASAFAAY,HUMAN; RAT,SYNTHETIC; SELF PEPTIDE,not applicable; Q04727; Q07141,Uniprot,JOURNAL OF IMMUNOLOGY 1998 161 617-624; MOLECULAR IMMUNOLOGY 1998 35 427-433
AAASAGAAY,HUMAN; RAT,SYNTHETIC; SELF PEPTIDE,not applicable; Q04727; Q07141,Uniprot,JOURNAL OF IMMUNOLOGY 1998 161 617-624; MOLECULAR IMMUNOLOGY 1998 35 427-433
AAASAHAAY,HUMAN; RAT,SYNTHETIC; SELF PEPTIDE,not applicable; Q04727; Q07141,Uniprot,JOURNAL OF IMMUNOLOGY 1998 161 617-624; MOLECULAR IMMUNOLOGY 1998 35 427-433
AAASAIAAY,HUMAN; RAT,SYNTHETIC; SELF PEPTIDE,not applicable; Q04727; Q07141,Uniprot,JOURNAL OF IMMUNOLOGY 1998 161 617-624; MOLECULAR IMMUNOLOGY 1998 35 427-433
AAASAKAAY,HUMAN; RAT,SYNTHETIC; SELF PEPTIDE,not applicable; Q04727; Q07141,Uniprot,JOURNAL OF IMMUNOLOGY 1998 161 617-624; MOLECULAR IMMUNOLOGY 1998 35 427-433
AAASALAAY,HUMAN; RAT,SYNTHETIC; SELF PEPTIDE,not applicable; Q04727; Q07141,Uniprot,JOURNAL OF IMMUNOLOGY 1998 161 617-624; MOLECULAR IMMUNOLOGY 1998 35 427-433
AAASAMAAY,HUMAN; RAT,SYNTHETIC; SELF PEPTIDE,not applicable; Q04727; Q07141,Uniprot,JOURNAL OF IMMUNOLOGY 1998 161 617-624; MOLECULAR IMMUNOLOGY 1998 35 427-433
AAASANAAY,HUMAN; RAT,SYNTHETIC; SELF PEPTIDE,not applicable; Q04727; Q07141,Uniprot,JOURNAL OF IMMUNOLOGY 1998 161 617-624; MOLECULAR IMMUNOLOGY 1998 35 427-433
AAASAPAAY,HUMAN; RAT,SYNTHETIC; SELF PEPTIDE,not applicable; Q04727; Q07141,Uniprot,JOURNAL OF IMMUNOLOGY 1998 161 617-624; MOLECULAR IMMUNOLOGY 1998 35 427-433
AAASAQAAY,HUMAN; RAT,SYNTHETIC; SELF PEPTIDE,not applicable; Q04727; Q07141,Uniprot,JOURNAL OF IMMUNOLOGY 1998 161 617-624; MOLECULAR IMMUNOLOGY 1998 35 427-433
AAASARAAY,HUMAN; RAT,SYNTHETIC; SELF PEPTIDE,not applicable; Q04727; Q07141,Uniprot,JOURNAL OF IMMUNOLOGY 1998 161 617-624; MOLECULAR IMMUNOLOGY 1998 35 427-433
AAASASAAY,HUMAN; RAT,SYNTHETIC; SELF PEPTIDE,not applicable; Q04727; Q07141,Uniprot,JOURNAL OF IMMUNOLOGY 1998 161 617-624; MOLECULAR IMMUNOLOGY 1998 35 427-433
AAASATAAY,HUMAN; RAT,SYNTHETIC; SELF PEPTIDE,not applicable; Q04727; Q07141,Uniprot,JOURNAL OF IMMUNOLOGY 1998 161 617-624; MOLECULAR IMMUNOLOGY 1998 35 427-433
AAASAVAAY,HUMAN; RAT,SYNTHETIC; SELF PEPTIDE,not applicable; Q04727; Q07141,Uniprot,JOURNAL OF IMMUNOLOGY 1998 161 617-624; MOLECULAR IMMUNOLOGY 1998 35 427-433
AAASAWAAY,HUMAN; RAT,SYNTHETIC; SELF PEPTIDE,not applicable; Q04727; Q07141,Uniprot,JOURNAL OF IMMUNOLOGY 1998 161 617-624; MOLECULAR IMMUNOLOGY 1998 35 427-433
AAASAYAAY,HUMAN; RAT,SYNTHETIC; SELF PEPTIDE,not applicable; Q04727; Q07141,Uniprot,JOURNAL OF IMMUNOLOGY 1998 161 617-624; MOLECULAR IMMUNOLOGY 1998 35 427-433
AAASDAAAY,HUMAN; RAT,SYNTHETIC; SELF PEPTIDE,not applicable; Q04727; Q07141,Uniprot,JOURNAL OF IMMUNOLOGY 1998 161 617-624; MOLECULAR IMMUNOLOGY 1998 35 427-433
AAASEAAAY,HUMAN; RAT,SYNTHETIC; SELF PEPTIDE,not applicable; Q04727; Q07141,Uniprot,JOURNAL OF IMMUNOLOGY 1998 161 617-624; MOLECULAR IMMUNOLOGY 1998 35 427-433
AAASFAAAY,HUMAN; RAT,SYNTHETIC; SELF PEPTIDE,not applicable; Q04727; Q07141,Uniprot,JOURNAL OF IMMUNOLOGY 1998 161 617-624; MOLECULAR IMMUNOLOGY 1998 35 427-433
AAASGAAAY,HUMAN; RAT,SYNTHETIC; SELF PEPTIDE,not applicable; Q04727; Q07141,Uniprot,JOURNAL OF IMMUNOLOGY 1998 161 617-624; MOLECULAR IMMUNOLOGY 1998 35 427-433
AAASHAAAY,HUMAN; RAT,SYNTHETIC; SELF PEPTIDE,not applicable; Q04727; Q07141,Uniprot,JOURNAL OF IMMUNOLOGY 1998 161 617-624; MOLECULAR IMMUNOLOGY 1998 35 427-433
AAASIAAAY,HUMAN; RAT,SYNTHETIC; SELF PEPTIDE,not applicable; Q04727; Q07141,Uniprot,JOURNAL OF IMMUNOLOGY 1998 161 617-624; MOLECULAR IMMUNOLOGY 1998 35 427-433
AAASKAAAY,HUMAN; RAT,SYNTHETIC; SELF PEPTIDE,not applicable; Q04727; Q07141,Uniprot,JOURNAL OF IMMUNOLOGY 1998 161 617-624; MOLECULAR IMMUNOLOGY 1998 35 427-433
AAASLAAAY,HUMAN; RAT,SYNTHETIC; SELF PEPTIDE,not applicable; Q04727; Q07141,Uniprot,JOURNAL OF IMMUNOLOGY 1998 161 617-624; MOLECULAR IMMUNOLOGY 1998 35 427-433
AAASMAAAY,HUMAN; RAT,SYNTHETIC; SELF PEPTIDE,not applicable; Q04727; Q07141,Uniprot,JOURNAL OF IMMUNOLOGY 1998 161 617-624; MOLECULAR IMMUNOLOGY 1998 35 427-433
AAASNAAAY,HUMAN; RAT,SYNTHETIC; SELF PEPTIDE,not applicable; Q04727; Q07141,Uniprot,JOURNAL OF IMMUNOLOGY 1998 161 617-624; MOLECULAR IMMUNOLOGY 1998 35 427-433
AAASPAAAY,HUMAN; RAT,SYNTHETIC; SELF PEPTIDE,not applicable; Q04727; Q07141,Uniprot,JOURNAL OF IMMUNOLOGY 1998 161 617-624; MOLECULAR IMMUNOLOGY 1998 35 427-433
AAASQAAAY,HUMAN; RAT,SYNTHETIC; SELF PEPTIDE,not applicable; Q04727; Q07141,Uniprot,JOURNAL OF IMMUNOLOGY 1998 161 617-624; MOLECULAR IMMUNOLOGY 1998 35 427-433
AAASRAAAY,HUMAN; RAT,SYNTHETIC; SELF PEPTIDE,not applicable; Q04727; Q07141,Uniprot,JOURNAL OF IMMUNOLOGY 1998 161 617-624; MOLECULAR IMMUNOLOGY 1998 35 427-433
AAASSAAAY,HUMAN; RAT,SYNTHETIC; SELF PEPTIDE,not applicable; Q04727; Q07141,Uniprot,JOURNAL OF IMMUNOLOGY 1998 161 617-624; MOLECULAR IMMUNOLOGY 1998 35 427-433
AAASTAAAY,HUMAN; RAT,SYNTHETIC; SELF PEPTIDE,not applicable; Q04727; Q07141,Uniprot,JOURNAL OF IMMUNOLOGY 1998 161 617-624; MOLECULAR IMMUNOLOGY 1998 35 427-433
AAASVAAAY,HUMAN; RAT,SYNTHETIC; SELF PEPTIDE,not applicable; Q04727; Q07141,Uniprot,JOURNAL OF IMMUNOLOGY 1998 161 617-624; MOLECULAR IMMUNOLOGY 1998 35 427-433
AAASWAAAY,HUMAN; RAT,SYNTHETIC; SELF PEPTIDE,not applicable; Q04727; Q07141,Uniprot,JOURNAL OF IMMUNOLOGY 1998 161 617-624; MOLECULAR IMMUNOLOGY 1998 35 427-433
AAASYAAAY,HUMAN; RAT,SYNTHETIC; SELF PEPTIDE,not applicable; Q04727; Q07141,Uniprot,JOURNAL OF IMMUNOLOGY 1998 161 617-624; MOLECULAR IMMUNOLOGY 1998 35 427-433
AAATAAAAY,HUMAN; RAT,SYNTHETIC; SELF PEPTIDE,not applicable; Q04727; Q07141,Uniprot,JOURNAL OF IMMUNOLOGY 1998 161 617-624; MOLECULAR IMMUNOLOGY 1998 35 427-433
AAAVAAAAY,HUMAN; RAT,SYNTHETIC; SELF PEPTIDE,not applicable; Q04727; Q07141,Uniprot,JOURNAL OF IMMUNOLOGY 1998 161 617-624; MOLECULAR IMMUNOLOGY 1998 35 427-433
AAAWAAAAY,HUMAN; RAT,SYNTHETIC; SELF PEPTIDE,not applicable; Q04727; Q07141,Uniprot,JOURNAL OF IMMUNOLOGY 1998 161 617-624; MOLECULAR IMMUNOLOGY 1998 35 427-433
AAAYAAAAY,HUMAN; RAT,SYNTHETIC; SELF PEPTIDE,not applicable; Q04727; Q07141,Uniprot,JOURNAL OF IMMUNOLOGY 1998 161 617-624; MOLECULAR IMMUNOLOGY 1998 35 427-433
AADSAAAAY,HUMAN; RAT,SYNTHETIC; SELF PEPTIDE,not applicable; Q04727; Q07141,Uniprot,JOURNAL OF IMMUNOLOGY 1998 161 617-624; MOLECULAR IMMUNOLOGY 1998 35 427-433
AAESAAAAY,HUMAN; RAT,SYNTHETIC; SELF PEPTIDE,not applicable; Q04727; Q07141,Uniprot,JOURNAL OF IMMUNOLOGY 1998 161 617-624; MOLECULAR IMMUNOLOGY 1998 35 427-433
AAFSAAAAY,HUMAN; RAT,SYNTHETIC; SELF PEPTIDE,not applicable; Q07141,Uniprot,JOURNAL OF IMMUNOLOGY 1998 161 617-624; MOLECULAR IMMUNOLOGY 1998 35 427-433
AAGSAAAAY,HUMAN; RAT,SYNTHETIC; SELF PEPTIDE,not applicable; Q07141; Q04727,Uniprot,JOURNAL OF IMMUNOLOGY 1998 161 617-624; MOLECULAR IMMUNOLOGY 1998 35 427-433; JOURNAL OF IMMUNOLOGY 1997 159 2350-2357
AAHSAAAAY,HUMAN; RAT,SYNTHETIC; SELF PEPTIDE,not applicable; Q07141,Uniprot,JOURNAL OF IMMUNOLOGY 1998 161 617-624; MOLECULAR IMMUNOLOGY 1998 35 427-433
AAIAAAIAA,HUMAN,SYNTHETIC,not applicable,Uniprot,JOURNAL OF EXPERIMENTAL MEDICINE 1995 182 1883-1895
AAISAAAAY,HUMAN; RAT,SYNTHETIC; SELF PEPTIDE,not applicable; Q07141,Uniprot,JOURNAL OF IMMUNOLOGY 1998 161 617-624; MOLECULAR IMMUNOLOGY 1998 35 427-433
AAKSAAAAY,HUMAN; RAT,SYNTHETIC; SELF PEPTIDE,not applicable; Q04727; Q07141,Uniprot,JOURNAL OF IMMUNOLOGY 1998 161 617-624; MOLECULAR IMMUNOLOGY 1998 35 427-433
AALSAAAAY,HUMAN; RAT,SYNTHETIC; SELF PEPTIDE,not applicable; Q07141; Q04727,Uniprot,JOURNAL OF IMMUNOLOGY 1998 161 617-624; MOLECULAR IMMUNOLOGY 1998 35 427-433; JOURNAL OF IMMUNOLOGY 1997 159 2350-2357
AAMSAAAAY,HUMAN; RAT,SYNTHETIC; SELF PEPTIDE,not applicable; Q07141,Uniprot,JOURNAL OF IMMUNOLOGY 1998 161 617-624; MOLECULAR IMMUNOLOGY 1998 35 427-433
AANSAAAAY,HUMAN; RAT,SYNTHETIC; SELF PEPTIDE,not applicable; Q07141; Q04727,Uniprot,JOURNAL OF IMMUNOLOGY 1998 161 617-624; MOLECULAR IMMUNOLOGY 1998 35 427-433; JOURNAL OF IMMUNOLOGY 1997 159 2350-2357
AAPSAAAAY,HUMAN; RAT,SYNTHETIC; SELF PEPTIDE,not applicable; Q07141,Uniprot,JOURNAL OF IMMUNOLOGY 1998 161 617-624; MOLECULAR IMMUNOLOGY 1998 35 427-433
AAQSAAAAY,HUMAN; RAT,SYNTHETIC; SELF PEPTIDE,not applicable; Q07141,Uniprot,JOURNAL OF IMMUNOLOGY 1998 161 617-624; MOLECULAR IMMUNOLOGY 1998 35 427-433
AARSAAAAY,HUMAN; RAT,SYNTHETIC; SELF PEPTIDE,not applicable; Q07141,Uniprot,JOURNAL OF IMMUNOLOGY 1998 161 617-624; MOLECULAR IMMUNOLOGY 1998 35 427-433
AASSAAAAY,HUMAN; RAT,SYNTHETIC; SELF PEPTIDE,not applicable; Q07141,Uniprot,JOURNAL OF IMMUNOLOGY 1998 161 617-624; MOLECULAR IMMUNOLOGY 1998 35 427-433
AATSAAAAY,HUMAN; RAT,SYNTHETIC; SELF PEPTIDE,not applicable; Q07141,Uniprot,JOURNAL OF IMMUNOLOGY 1998 161 617-624; MOLECULAR IMMUNOLOGY 1998 35 427-433
AAVSAAAAY,HUMAN; RAT,SYNTHETIC; SELF PEPTIDE,not applicable; Q07141,Uniprot,JOURNAL OF IMMUNOLOGY 1998 161 617-624; MOLECULAR IMMUNOLOGY 1998 35 427-433
AAWSAAAAY,HUMAN; RAT,SYNTHETIC; SELF PEPTIDE,not applicable; Q07141,Uniprot,JOURNAL OF IMMUNOLOGY 1998 161 617-624; MOLECULAR IMMUNOLOGY 1998 35 427-433
AAYSAAAAY,HUMAN; RAT,SYNTHETIC; SELF PEPTIDE,not applicable; Q07141; Q04727,Uniprot,JOURNAL OF IMMUNOLOGY 1998 161 617-624; MOLECULAR IMMUNOLOGY 1998 35 427-433; JOURNAL OF IMMUNOLOGY 1997 159 2350-2357
ADAKAAAAV,HUMAN,SYNTHETIC,not applicable,Uniprot,JOURNAL OF EXPERIMENTAL MEDICINE 1995 182 1883-1895
ADASAAAAY,HUMAN; RAT,SYNTHETIC; SELF PEPTIDE,not applicable; Q07141,Uniprot,JOURNAL OF IMMUNOLOGY 1998 161 617-624; MOLECULAR IMMUNOLOGY 1998 35 427-433
AEASAAAAY,HUMAN; RAT,SYNTHETIC; SELF PEPTIDE,not applicable; Q07141,Uniprot,JOURNAL OF IMMUNOLOGY 1998 161 617-624; MOLECULAR IMMUNOLOGY 1998 35 427-433
AEFPDAPDSAAAAY,HUMAN,SYNTHETIC,not applicable,Uniprot,JOURNAL OF IMMUNOLOGY 1998 161 617-624
AEFPDSAAAAY,HUMAN,SYNTHETIC,not applicable,Uniprot,JOURNAL OF IMMUNOLOGY 1998 161 617-624
AEFSAAAAPDAPDY,HUMAN,SYNTHETIC,not applicable,Uniprot,JOURNAL OF IMMUNOLOGY 1998 161 617-624
AEFSAAAAPDY,HUMAN,SYNTHETIC,not applicable,Uniprot,JOURNAL OF IMMUNOLOGY 1998 161 617-624
AEFSAAAAY,HUMAN,SYNTHETIC,not applicable,Uniprot,JOURNAL OF IMMUNOLOGY 1998 161 617-624
AEFSAAAAYPD,HUMAN,SYNTHETIC,not applicable,Uniprot,JOURNAL OF IMMUNOLOGY 1998 161 617-624
AEFSAAAAYPDAPD,HUMAN,SYNTHETIC,not applicable,Uniprot,JOURNAL OF IMMUNOLOGY 1998 161 617-624
AEFSAAPDAAY,HUMAN,SYNTHETIC,not applicable,Uniprot,JOURNAL OF IMMUNOLOGY 1998 161 617-624
AEFSAAPDAPDAAY,HUMAN,SYNTHETIC,not applicable,Uniprot,JOURNAL OF IMMUNOLOGY 1998 161 617-624
AEFSPDAAAAY,HUMAN,SYNTHETIC,not applicable,Uniprot,JOURNAL OF IMMUNOLOGY 1998 161 617-624
AEFSPDAPDAAAAY,HUMAN,SYNTHETIC,not applicable,Uniprot,JOURNAL OF IMMUNOLOGY 1998 161 617-624
AEPDAPDFSAAAAY,HUMAN,SYNTHETIC,not applicable,Uniprot,JOURNAL OF IMMUNOLOGY 1998 161 617-624
AEPDFSAAAAY,HUMAN,SYNTHETIC,not applicable,Uniprot,JOURNAL OF IMMUNOLOGY 1998 161 617-624
AFAKAAAAV,HUMAN,SYNTHETIC,not applicable,Uniprot,JOURNAL OF EXPERIMENTAL MEDICINE 1995 182 1883-1895
AFASAAAAY,HUMAN; RAT,SYNTHETIC; SELF PEPTIDE,not applicable; Q04727; Q07141,Uniprot,JOURNAL OF IMMUNOLOGY 1998 161 617-624; MOLECULAR IMMUNOLOGY 1998 35 427-433
AGAAAAAAK,HUMAN,SYNTHETIC,not applicable,Uniprot,JOURNAL OF EXPERIMENTAL MEDICINE 1995 182 1883-1895
AGASAAAAY,HUMAN; RAT,SYNTHETIC; SELF PEPTIDE,not applicable; Q04727; Q07141,Uniprot,JOURNAL OF IMMUNOLOGY 1998 161 617-624; MOLECULAR IMMUNOLOGY 1998 35 427-433
AHASAAAAY,HUMAN; RAT,SYNTHETIC; SELF PEPTIDE,not applicable; Q04727; Q07141,Uniprot,JOURNAL OF IMMUNOLOGY 1998 161 617-624; MOLECULAR IMMUNOLOGY 1998 35 427-433
AIAAAAAAK,HUMAN,SYNTHETIC,not applicable,Uniprot,JOURNAL OF EXPERIMENTAL MEDICINE 1995 182 1883-1895
AIAKAAAAY,HUMAN,SYNTHETIC,not applicable,Uniprot,JOURNAL OF EXPERIMENTAL MEDICINE 1995 182 1883-1895
AIASAAAAY,HUMAN; RAT,SYNTHETIC; SELF PEPTIDE,not applicable; Q04727; Q07141,Uniprot,JOURNAL OF IMMUNOLOGY 1998 161 617-624; MOLECULAR IMMUNOLOGY 1998 35 427-433
AKAAAAAAK,HUMAN,SYNTHETIC,not applicable,Uniprot,JOURNAL OF EXPERIMENTAL MEDICINE 1995 182 1883-1895
AKASAAAAY,HUMAN; RAT,SYNTHETIC; SELF PEPTIDE,not applicable; Q07141,Uniprot,JOURNAL OF IMMUNOLOGY 1998 161 617-624; MOLECULAR IMMUNOLOGY 1998 35 427-433
ALAAAAAAA,HUMAN; RAT,SYNTHETIC; SELF PEPTIDE,not applicable; Q07141,Uniprot,JOURNAL OF EXPERIMENTAL MEDICINE 1995 182 1883-1895; MOLECULAR IMMUNOLOGY 1998 35 427-433
ALAAAAAAE,HUMAN; RAT,SYNTHETIC; SELF PEPTIDE,not applicable; Q07141,Uniprot,JOURNAL OF EXPERIMENTAL MEDICINE 1995 182 1883-1895; MOLECULAR IMMUNOLOGY 1998 35 427-433
ALAAAAAAK,HUMAN; RAT,SYNTHETIC; SELF PEPTIDE,not applicable; Q07141,Uniprot,JOURNAL OF EXPERIMENTAL MEDICINE 1995 182 1883-1895; MOLECULAR IMMUNOLOGY 1998 35 427-433
ALAAAAAAQ,HUMAN; RAT,SYNTHETIC; SELF PEPTIDE,not applicable; Q07141,Uniprot,JOURNAL OF EXPERIMENTAL MEDICINE 1995 182 1883-1895; MOLECULAR IMMUNOLOGY 1998 35 427-433
ALAAAAAAR,HUMAN; RAT,SELF PEPTIDE,not applicable; Q07141,Uniprot,JOURNAL OF EXPERIMENTAL MEDICINE 1995 182 1883-1895; MOLECULAR IMMUNOLOGY 1998 35 427-433
ALAAAAAAT,HUMAN; RAT,SYNTHETIC; SELF PEPTIDE,not applicable; Q07141,Uniprot,JOURNAL OF EXPERIMENTAL MEDICINE 1995 182 1883-1895; MOLECULAR IMMUNOLOGY 1998 35 427-433
ALACAAAAV,HUMAN,SYNTHETIC,not applicable,Uniprot,JOURNAL OF EXPERIMENTAL MEDICINE 1995 182 1883-1895
ALADAAAAV,HUMAN,SYNTHETIC,not applicable,Uniprot,JOURNAL OF EXPERIMENTAL MEDICINE 1995 182 1883-1895
ALAKAAAAF,HUMAN; RAT,SYNTHETIC; SELF PEPTIDE,not applicable; Q07141,Uniprot,JOURNAL OF EXPERIMENTAL MEDICINE 1995 182 1883-1895; MOLECULAR IMMUNOLOGY 1998 35 427-433
ALAKAAAAG,HUMAN; RAT,SYNTHETIC; SELF PEPTIDE,not applicable; Q07141,Uniprot,JOURNAL OF EXPERIMENTAL MEDICINE 1995 182 1883-1895; MOLECULAR IMMUNOLOGY 1998 35 427-433
ALAKAAAAI,RAT,SELF PEPTIDE,Q07141,Uniprot,MOLECULAR IMMUNOLOGY 1998 35 427-433
ALAKAAAAL,HUMAN; RAT,SYNTHETIC; SELF PEPTIDE,not applicable; Q07141,Uniprot,JOURNAL OF EXPERIMENTAL MEDICINE 1995 182 1883-1895; MOLECULAR IMMUNOLOGY 1998 35 427-433
ALAKAAAAN,HUMAN; RAT,SYNTHETIC; SELF PEPTIDE,not applicable; Q07141,Uniprot,JOURNAL OF EXPERIMENTAL MEDICINE 1995 182 1883-1895; MOLECULAR IMMUNOLOGY 1998 35 427-433
ALAKAAAAR,HUMAN; RAT,SYNTHETIC; SELF PEPTIDE,not applicable; Q07141,Uniprot,JOURNAL OF EXPERIMENTAL MEDICINE 1995 182 1883-1895; MOLECULAR IMMUNOLOGY 1998 35 427-433
ALAKAAAAV,HUMAN; RAT,SYNTHETIC; SELF PEPTIDE,not applicable; Q07141,Uniprot,JOURNAL OF EXPERIMENTAL MEDICINE 1995 182 1883-1895; MOLECULAR IMMUNOLOGY 1998 35 427-433
ALAKAAAAY,HUMAN; RAT,SYNTHETIC; SELF PEPTIDE,not applicable; Q07141,Uniprot,JOURNAL OF EXPERIMENTAL MEDICINE 1995 182 1883-1895; MOLECULAR IMMUNOLOGY 1998 35 427-433
ALAKAAAEV,HUMAN,SYNTHETIC,not applicable,Uniprot,JOURNAL OF EXPERIMENTAL MEDICINE 1995 182 1883-1895
ALAKAAAFV,HUMAN,SYNTHETIC,not applicable,Uniprot,JOURNAL OF EXPERIMENTAL MEDICINE 1995 182 1883-1895
ALAKAAAGV,HUMAN,SYNTHETIC,not applicable,Uniprot,JOURNAL OF EXPERIMENTAL MEDICINE 1995 182 1883-1895
ALAKAAALV,HUMAN,SYNTHETIC,not applicable,Uniprot,JOURNAL OF EXPERIMENTAL MEDICINE 1995 182 1883-1895
ALAKAAAPV,HUMAN,SYNTHETIC,not applicable,Uniprot,JOURNAL OF EXPERIMENTAL MEDICINE 1995 182 1883-1895
ALAKAAEAV,HUMAN,SYNTHETIC,not applicable,Uniprot,JOURNAL OF EXPERIMENTAL MEDICINE 1995 182 1883-1895
ALAKAALAV,HUMAN,SYNTHETIC,not applicable,Uniprot,JOURNAL OF EXPERIMENTAL MEDICINE 1995 182 1883-1895
ALAKAANAV,HUMAN,SYNTHETIC,not applicable,Uniprot,JOURNAL OF EXPERIMENTAL MEDICINE 1995 182 1883-1895
ALAKAAPAV,HUMAN,SYNTHETIC,not applicable,Uniprot,JOURNAL OF EXPERIMENTAL MEDICINE 1995 182 1883-1895
ALAKAAYAV,HUMAN,SYNTHETIC,not applicable,Uniprot,JOURNAL OF EXPERIMENTAL MEDICINE 1995 182 1883-1895
ALAKAGAAV,HUMAN,SYNTHETIC,not applicable,Uniprot,JOURNAL OF EXPERIMENTAL MEDICINE 1995 182 1883-1895
ALAKAIAAV,HUMAN,SYNTHETIC,not applicable,Uniprot,JOURNAL OF EXPERIMENTAL MEDICINE 1995 182 1883-1895
ALAKAPAAV,HUMAN,SYNTHETIC,not applicable,Uniprot,JOURNAL OF EXPERIMENTAL MEDICINE 1995 182 1883-1895
ALAKARAAV,HUMAN,SYNTHETIC,not applicable,Uniprot,JOURNAL OF EXPERIMENTAL MEDICINE 1995 182 1883-1895
ALAKAYAAV,HUMAN,SYNTHETIC,not applicable,Uniprot,JOURNAL OF EXPERIMENTAL MEDICINE 1995 182 1883-1895
ALAKEAAAV,HUMAN,SYNTHETIC,not applicable,Uniprot,JOURNAL OF EXPERIMENTAL MEDICINE 1995 182 1883-1895
ALAKGAAAV,HUMAN,SYNTHETIC,not applicable,Uniprot,JOURNAL OF EXPERIMENTAL MEDICINE 1995 182 1883-1895
ALAKLAAAV,HUMAN,SYNTHETIC,not applicable,Uniprot,JOURNAL OF EXPERIMENTAL MEDICINE 1995 182 1883-1895
ALAKNAAAV,HUMAN,SYNTHETIC,not applicable,Uniprot,JOURNAL OF EXPERIMENTAL MEDICINE 1995 182 1883-1895
ALAKYAAAV,HUMAN,SYNTHETIC,not applicable,Uniprot,JOURNAL OF EXPERIMENTAL MEDICINE 1995 182 1883-1895
ALAPAAAAV,HUMAN,SYNTHETIC,not applicable,Uniprot,JOURNAL OF EXPERIMENTAL MEDICINE 1995 182 1883-1895
ALASAAAAY,HUMAN; RAT,SYNTHETIC; SELF PEPTIDE,not applicable; Q04727; Q07141,Uniprot,JOURNAL OF IMMUNOLOGY 1998 161 617-624; MOLECULAR IMMUNOLOGY 1998 35 427-433
ALATAAAAV,HUMAN,SYNTHETIC,not applicable,Uniprot,JOURNAL OF EXPERIMENTAL MEDICINE 1995 182 1883-1895
ALAVAAAAV,HUMAN,SYNTHETIC,not applicable,Uniprot,JOURNAL OF EXPERIMENTAL MEDICINE 1995 182 1883-1895
ALEKAAAAV,HUMAN,SYNTHETIC,not applicable,Uniprot,JOURNAL OF EXPERIMENTAL MEDICINE 1995 182 1883-1895
ALFKAAAAV,HUMAN,SYNTHETIC,not applicable,Uniprot,JOURNAL OF EXPERIMENTAL MEDICINE 1995 182 1883-1895
ALKKAAAAV,HUMAN,SYNTHETIC,not applicable,Uniprot,JOURNAL OF EXPERIMENTAL MEDICINE 1995 182 1883-1895
ALMKAAAAV,HUMAN,SYNTHETIC,not applicable,Uniprot,JOURNAL OF EXPERIMENTAL MEDICINE 1995 182 1883-1895
ALSKAAAAV,HUMAN,SYNTHETIC,not applicable,Uniprot,JOURNAL OF EXPERIMENTAL MEDICINE 1995 182 1883-1895
AMAKAAAAV,HUMAN,SYNTHETIC,not applicable,Uniprot,JOURNAL OF EXPERIMENTAL MEDICINE 1995 182 1883-1895
AMASAAAAY,HUMAN; RAT,SYNTHETIC; SELF PEPTIDE,not applicable; Q04727; Q07141,Uniprot,JOURNAL OF IMMUNOLOGY 1998 161 617-624; MOLECULAR IMMUNOLOGY 1998 35 427-433
ANAAAAAAK,HUMAN,SYNTHETIC,not applicable,Uniprot,JOURNAL OF EXPERIMENTAL MEDICINE 1995 182 1883-1895
ANAKAAAAV,HUMAN,SYNTHETIC,not applicable,Uniprot,JOURNAL OF EXPERIMENTAL MEDICINE 1995 182 1883-1895
ANASAAAAY,HUMAN; RAT,SYNTHETIC; SELF PEPTIDE,not applicable; Q04727; Q07141,Uniprot,JOURNAL OF IMMUNOLOGY 1998 161 617-624; MOLECULAR IMMUNOLOGY 1998 35 427-433; JOURNAL OF IMMUNOLOGY 1997 159 2350-2357
APAAAAAAK,HUMAN,SYNTHETIC,not applicable,Uniprot,JOURNAL OF EXPERIMENTAL MEDICINE 1995 182 1883-1895
APAKAAAAV,HUMAN,SYNTHETIC,not applicable,Uniprot,JOURNAL OF EXPERIMENTAL MEDICINE 1995 182 1883-1895
APASAAAAY,HUMAN; RAT,SYNTHETIC; SELF PEPTIDE,not applicable; Q04727; Q07141,Uniprot,JOURNAL OF IMMUNOLOGY 1998 161 617-624; MOLECULAR IMMUNOLOGY 1998 35 427-433; JOURNAL OF IMMUNOLOGY 1997 159 2350-2357
APDAPDEFSAAAAY,HUMAN,SYNTHETIC,not applicable,Uniprot,JOURNAL OF IMMUNOLOGY 1998 161 617-624
APDEFSAAAAY,HUMAN,SYNTHETIC,not applicable,Uniprot,JOURNAL OF IMMUNOLOGY 1998 161 617-624
AQASAAAAY,HUMAN; RAT,SYNTHETIC; SELF PEPTIDE,not applicable; Q04727; Q07141,Uniprot,JOURNAL OF IMMUNOLOGY 1998 161 617-624; MOLECULAR IMMUNOLOGY 1998 35 427-433
ARAAAAAAA,HUMAN,SYNTHETIC,not applicable,Uniprot,JOURNAL OF EXPERIMENTAL MEDICINE 1995 182 1883-1895
ARAAAAAAE,HUMAN,SYNTHETIC,not applicable,Uniprot,JOURNAL OF EXPERIMENTAL MEDICINE 1995 182 1883-1895
ARAAAAAAK,HUMAN; RAT,SYNTHETIC; SELF PEPTIDE,not applicable; Q07141,Uniprot,JOURNAL OF EXPERIMENTAL MEDICINE 1995 182 1883-1895; MOLECULAR IMMUNOLOGY 1998 35 427-433
ARAAAAAAL,HUMAN; RAT,SYNTHETIC; SELF PEPTIDE,not applicable; Q07141,Uniprot,JOURNAL OF EXPERIMENTAL MEDICINE 1995 182 1883-1895; MOLECULAR IMMUNOLOGY 1998 35 427-433
ARAAAAIAKK,HUMAN,SYNTHETIC,not applicable,Uniprot,JOURNAL OF EXPERIMENTAL MEDICINE 1995 182 1883-1895
ARASAAAAY,HUMAN; RAT,SYNTHETIC; SELF PEPTIDE,not applicable; Q04727; Q07141,Uniprot,JOURNAL OF IMMUNOLOGY 1998 161 617-624; MOLECULAR IMMUNOLOGY 1998 35 427-433; JOURNAL OF IMMUNOLOGY 1997 159 2350-2357
ARFAAAIAKK,HUMAN,SYNTHETIC,not applicable,Uniprot,JOURNAL OF EXPERIMENTAL MEDICINE 1995 182 1883-1895
ARIAAAIAA,HUMAN,SYNTHETIC,not applicable,Uniprot,JOURNAL OF EXPERIMENTAL MEDICINE 1995 182 1883-1895
ARIAAAIAKK,HUMAN,SYNTHETIC,not applicable,Uniprot,JOURNAL OF EXPERIMENTAL MEDICINE 1995 182 1883-1895
ARKAAAIAKK,HUMAN,SYNTHETIC,not applicable,Uniprot,JOURNAL OF EXPERIMENTAL MEDICINE 1995 182 1883-1895
ARSAAAIAKK,HUMAN,SYNTHETIC,not applicable,Uniprot,JOURNAL OF EXPERIMENTAL MEDICINE 1995 182 1883-1895
ARVAAAIAKK,HUMAN,SYNTHETIC,not applicable,Uniprot,JOURNAL OF EXPERIMENTAL MEDICINE 1995 182 1883-1895
ARWAAAIAKK,HUMAN,SYNTHETIC,not applicable,Uniprot,JOURNAL OF EXPERIMENTAL MEDICINE 1995 182 1883-1895
ARYAAAIAKK,HUMAN,SYNTHETIC,not applicable,Uniprot,JOURNAL OF EXPERIMENTAL MEDICINE 1995 182 1883-1895
ASASAAAAY,HUMAN; RAT,SYNTHETIC; SELF PEPTIDE,not applicable; Q04727; Q07141,Uniprot,JOURNAL OF IMMUNOLOGY 1998 161 617-624; MOLECULAR IMMUNOLOGY 1998 35 427-433
ATAAAAAAK,HUMAN,SYNTHETIC,not applicable,Uniprot,JOURNAL OF EXPERIMENTAL MEDICINE 1995 182 1883-1895
ATASAAAAY,HUMAN; RAT,SYNTHETIC; SELF PEPTIDE,not applicable; Q04727; Q07141,Uniprot,JOURNAL OF IMMUNOLOGY 1998 161 617-624; MOLECULAR IMMUNOLOGY 1998 35 427-433
AVAAAAAAAK,HUMAN,SYNTHETIC,not applicable,Uniprot,JOURNAL OF EXPERIMENTAL MEDICINE 1995 182 1883-1895
AVAAAAAAK,HUMAN,SYNTHETIC,not applicable,Uniprot,JOURNAL OF EXPERIMENTAL MEDICINE 1995 182 1883-1895
AVAKAAAAY,HUMAN,SYNTHETIC,not applicable,Uniprot,JOURNAL OF EXPERIMENTAL MEDICINE 1995 182 1883-1895
AVASAAAAY,HUMAN; RAT,SYNTHETIC; SELF PEPTIDE,not applicable; Q04727; Q07141,Uniprot,JOURNAL OF IMMUNOLOGY 1998 161 617-624; MOLECULAR IMMUNOLOGY 1998 35 427-433
AWASAAAAY,HUMAN; RAT,SYNTHETIC; SELF PEPTIDE,not applicable; Q04727; Q07141,Uniprot,JOURNAL OF IMMUNOLOGY 1998 161 617-624; MOLECULAR IMMUNOLOGY 1998 35 427-433; JOURNAL OF IMMUNOLOGY 1997 159 2350-2357
AYAAAAAAK,HUMAN,SYNTHETIC,not applicable,Uniprot,JOURNAL OF EXPERIMENTAL MEDICINE 1995 182 1883-1895
AYAKAAAAF,HUMAN; RAT,SYNTHETIC; SELF PEPTIDE,not applicable; Q07141,Uniprot,JOURNAL OF EXPERIMENTAL MEDICINE 1995 182 1883-1895; MOLECULAR IMMUNOLOGY 1998 35 427-433
AYAKAAAAK,HUMAN; RAT,SYNTHETIC; SELF PEPTIDE,not applicable; Q07141,Uniprot,JOURNAL OF EXPERIMENTAL MEDICINE 1995 182 1883-1895; MOLECULAR IMMUNOLOGY 1998 35 427-433
AYAKAAAAL,HUMAN; RAT,SYNTHETIC; SELF PEPTIDE,not applicable; Q07141,Uniprot,JOURNAL OF EXPERIMENTAL MEDICINE 1995 182 1883-1895; MOLECULAR IMMUNOLOGY 1998 35 427-433
AYAKAAAAY,HUMAN; RAT,SYNTHETIC; SELF PEPTIDE,not applicable; Q07141,Uniprot,JOURNAL OF EXPERIMENTAL MEDICINE 1995 182 1883-1895; MOLECULAR IMMUNOLOGY 1998 35 427-433
AYASAAAAY,HUMAN; RAT,SYNTHETIC; SELF PEPTIDE,not applicable; Q04727; Q07141,Uniprot,JOURNAL OF IMMUNOLOGY 1998 161 617-624; MOLECULAR IMMUNOLOGY 1998 35 427-433
DAASAAAAY,HUMAN; RAT,SYNTHETIC; SELF PEPTIDE,not applicable; Q04727; Q07141,Uniprot,JOURNAL OF IMMUNOLOGY 1998 161 617-624; MOLECULAR IMMUNOLOGY 1998 35 427-433
DLAKAAAAV,HUMAN,SYNTHETIC,not applicable,Uniprot,JOURNAL OF EXPERIMENTAL MEDICINE 1995 182 1883-1895
EAASAAAAY,HUMAN; RAT,SYNTHETIC; SELF PEPTIDE,not applicable; Q04727; Q07141,Uniprot,JOURNAL OF IMMUNOLOGY 1998 161 617-624; MOLECULAR IMMUNOLOGY 1998 35 427-433
FAASAAAAY,HUMAN; RAT,SYNTHETIC; SELF PEPTIDE,not applicable; Q04727; Q07141,Uniprot,JOURNAL OF IMMUNOLOGY 1998 161 617-624; MOLECULAR IMMUNOLOGY 1998 35 427-433; JOURNAL OF IMMUNOLOGY 1997 159 2350-2357
FLAKAAAAV,HUMAN,SYNTHETIC,not applicable,Uniprot,JOURNAL OF EXPERIMENTAL MEDICINE 1995 182 1883-1895
GAASAAAAY,HUMAN; RAT,SYNTHETIC; SELF PEPTIDE,not applicable; Q04727; Q07141,Uniprot,JOURNAL OF IMMUNOLOGY 1998 161 617-624; MOLECULAR IMMUNOLOGY 1998 35 427-433
HAASAAAAY,HUMAN; RAT,SYNTHETIC; SELF PEPTIDE,not applicable; Q04727; Q07141,Uniprot,JOURNAL OF IMMUNOLOGY 1998 161 617-624; MOLECULAR IMMUNOLOGY 1998 35 427-433
IAASAAAAY,HUMAN; RAT,SYNTHETIC; SELF PEPTIDE,not applicable; Q04727; Q07141,Uniprot,JOURNAL OF IMMUNOLOGY 1998 161 617-624; MOLECULAR IMMUNOLOGY 1998 35 427-433
KAASAAAAY,HUMAN; RAT,SYNTHETIC; SELF PEPTIDE,not applicable; Q04727; Q07141,Uniprot,JOURNAL OF IMMUNOLOGY 1998 161 617-624; MOLECULAR IMMUNOLOGY 1998 35 427-433
KLAKAAAAV,HUMAN,SYNTHETIC,not applicable,Uniprot,JOURNAL OF EXPERIMENTAL MEDICINE 1995 182 1883-1895
KRAAAAAAA,HUMAN,SYNTHETIC,not applicable,Uniprot,JOURNAL OF EXPERIMENTAL MEDICINE 1995 182 1883-1895
LAASAAAAY,HUMAN; RAT,SYNTHETIC; SELF PEPTIDE,not applicable; Q04727; Q07141,Uniprot,JOURNAL OF IMMUNOLOGY 1998 161 617-624; MOLECULAR IMMUNOLOGY 1998 35 427-433
MAASAAAAY,HUMAN; RAT,SYNTHETIC; SELF PEPTIDE,not applicable; Q04727; Q07141,Uniprot,JOURNAL OF IMMUNOLOGY 1998 161 617-624; MOLECULAR IMMUNOLOGY 1998 35 427-433
NAASAAAAY,HUMAN; RAT,SYNTHETIC; SELF PEPTIDE,not applicable; Q04727; Q07141,Uniprot,JOURNAL OF IMMUNOLOGY 1998 161 617-624; MOLECULAR IMMUNOLOGY 1998 35 427-433
PAASAAAAY,HUMAN; RAT,SYNTHETIC; SELF PEPTIDE,not applicable; Q04727; Q07141,Uniprot,JOURNAL OF IMMUNOLOGY 1998 161 617-624; MOLECULAR IMMUNOLOGY 1998 35 427-433; JOURNAL OF IMMUNOLOGY 1997 159 2350-2357
PDAPDEFSAAAAY,HUMAN,SYNTHETIC,not applicable,Uniprot,JOURNAL OF IMMUNOLOGY 1998 161 617-624
PDEFSAAAAY,HUMAN,SYNTHETIC,not applicable,Uniprot,JOURNAL OF IMMUNOLOGY 1998 161 617-624
PLAKAAAAV,HUMAN,SYNTHETIC,not applicable,Uniprot,JOURNAL OF EXPERIMENTAL MEDICINE 1995 182 1883-1895
PSTFPDLESEFQAAL,HUMAN,CANCER,P43357,Uniprot,INTERNATIONAL JOURNAL OF CANCER 1996 68 622-628
QAASAAAAY,HUMAN; RAT,SYNTHETIC; SELF PEPTIDE,not applicable; Q04727; Q07141,Uniprot,JOURNAL OF IMMUNOLOGY 1998 161 617-624; MOLECULAR IMMUNOLOGY 1998 35 427-433; JOURNAL OF IMMUNOLOGY 1997 159 2350-2357
RAASAAAAY,HUMAN; RAT,SYNTHETIC; SELF PEPTIDE,not applicable; Q04727; Q07141,Uniprot,JOURNAL OF IMMUNOLOGY 1998 161 617-624; MOLECULAR IMMUNOLOGY 1998 35 427-433; JOURNAL OF IMMUNOLOGY 1997 159 2350-2357
RRYAASTEL,HUMAN,SELF PEPTIDE,P06351,Uniprot,JOURNAL OF BIOLOGICAL CHEMISTRY 1995 270 18512-18516
RRYNAATEL,HUMAN,SELF PEPTIDE,P06351,Uniprot,JOURNAL OF BIOLOGICAL CHEMISTRY 1995 270 18512-18516
SAASAAAAY,HUMAN; RAT,SYNTHETIC; SELF PEPTIDE,not applicable; Q04727; Q07141,Uniprot,JOURNAL OF IMMUNOLOGY 1998 161 617-624; MOLECULAR IMMUNOLOGY 1998 35 427-433
TAASAAAAY,HUMAN; RAT,SYNTHETIC; SELF PEPTIDE,not applicable; Q04727; Q07141,Uniprot,JOURNAL OF IMMUNOLOGY 1998 161 617-624; MOLECULAR IMMUNOLOGY 1998 35 427-433
VAASAAAAY,HUMAN; RAT,SYNTHETIC; SELF PEPTIDE,not applicable; Q04727; Q07141,Uniprot,JOURNAL OF IMMUNOLOGY 1998 161 617-624; MOLECULAR IMMUNOLOGY 1998 35 427-433
VLAKAAAAV,HUMAN,SYNTHETIC,not applicable,Uniprot,JOURNAL OF EXPERIMENTAL MEDICINE 1995 182 1883-1895
VRAAAAAAA,HUMAN,SYNTHETIC,P12936,Uniprot,JOURNAL OF EXPERIMENTAL MEDICINE 1995 182 1883-1895
WAASAAAAY,HUMAN; RAT,SYNTHETIC; SELF PEPTIDE,not applicable; Q04727; Q07141,Uniprot,JOURNAL OF IMMUNOLOGY 1998 161 617-624; MOLECULAR IMMUNOLOGY 1998 35 427-433
YAASAAAAY,HUMAN; RAT,SYNTHETIC; SELF PEPTIDE,not applicable; Q04727; Q07141,Uniprot,JOURNAL OF IMMUNOLOGY 1998 161 617-624; MOLECULAR IMMUNOLOGY 1998 35 427-433
ARIDKPILA,HUMAN,SELF PEPTIDE,P25120,Uniprot,JOURNAL OF EXPERIMENTAL MEDICINE 1995 182 1883-1895
ARRYQKSTELA,HUMAN,SELF PEPTIDE,P06351,Uniprot,JOURNAL OF EXPERIMENTAL MEDICINE 1995 182 1883-1895
ARYNASTEL,HUMAN,SELF PEPTIDE,P06351,Uniprot,JOURNAL OF BIOLOGICAL CHEMISTRY 1995 270 18512-18516
ARYQKSTEA,HUMAN,SELF PEPTIDE,P06351,Uniprot,JOURNAL OF EXPERIMENTAL MEDICINE 1995 182 1883-1895
GLSRYVARL,HUMAN,VIRAL,P03156,Uniprot,JOURNAL OF EXPERIMENTAL MEDICINE 1999 190 1227-1239
RRANASTEL,HUMAN,SELF PEPTIDE,P06351,Uniprot,JOURNAL OF BIOLOGICAL CHEMISTRY 1995 270 18512-18516
RYWANATRSA,HUMAN; MOUSE,VIRAL,Q00104,Uniprot,EMBO JOURNAL 1996 15 3247-3255
RYWANATRSE,HUMAN; MOUSE,VIRAL,Q00104,Uniprot,EMBO JOURNAL 1996 15 3247-3255
RYWANATRSF,HUMAN; MOUSE,VIRAL,Q00104,Uniprot,EMBO JOURNAL 1996 15 3247-3255
RYWANATRSK,HUMAN; MOUSE,VIRAL,Q00104,Uniprot,EMBO JOURNAL 1996 15 3247-3255
RYWANATRSQ,HUMAN; MOUSE,VIRAL,Q00104,Uniprot,EMBO JOURNAL 1996 15 3247-3255
RYWANATRST,HUMAN; MOUSE,VIRAL,Q00104,Uniprot,EMBO JOURNAL 1996 15 3247-3255
SLYADSPSV,HUMAN,VIRAL,P03156,Uniprot,JOURNAL OF EXPERIMENTAL MEDICINE 1999 190 1227-1239
ALMPLYACI,HUMAN,VIRAL,P03156,Uniprot,JOURNAL OF EXPERIMENTAL MEDICINE 1999 190 1227-1239
GSDPACYEFLWGPRAL,HUMAN,CANCER,P43357,Uniprot,INTERNATIONAL JOURNAL OF CANCER 1996 68 622-628
TQCGYPALMPLYACI,HUMAN,VIRAL,P12933,Uniprot,JOURNAL OF EXPERIMENTAL MEDICINE 1995 182 1883-1895
AENREILKEPVHGV,HUMAN,VIRAL,P04589,Uniprot,JOURNAL OF VIROLOGY 2002 76 10219-10225
EKFEKEAEMGKGSFY,HUMAN,VIRAL,P55276,Uniprot,JOURNAL OF EXPERIMENTAL MEDICINE 1995 182 1883-1895
ELFTELAEDKENYKKF,HUMAN,SELF PEPTIDE,P07900,Uniprot,JOURNAL OF EXPERIMENTAL MEDICINE 1995 182 1883-1895
RRYNASAEL,HUMAN,SELF PEPTIDE,P06351,Uniprot,JOURNAL OF BIOLOGICAL CHEMISTRY 1995 270 18512-18516
AQVPLRPMTYKA,HUMAN,VIRAL,P05857,Uniprot,JOURNAL OF EXPERIMENTAL MEDICINE 1995 182 1883-1895
FLLAQFTSAI,HUMAN,VIRAL,P03156,Uniprot,JOURNAL OF EXPERIMENTAL MEDICINE 1999 190 1227-1239
LAQNREILKEPVHGV,HUMAN,VIRAL,P04589,Uniprot,JOURNAL OF EXPERIMENTAL MEDICINE 1995 182 1883-1895
AGKDPKKTGGPIYKR,HUMAN,VIRAL,P21433,Uniprot,JOURNAL OF EXPERIMENTAL MEDICINE 1995 182 1883-1895
AGRIDKPILKA,HUMAN,SELF PEPTIDE,P25120,Uniprot,JOURNAL OF EXPERIMENTAL MEDICINE 1995 182 1883-1895
FSAGDNPPVLFSSDFRI,HUMAN,SELF PEPTIDE,P20916,Uniprot,JOURNAL OF EXPERIMENTAL MEDICINE 1995 182 1883-1895
GVVAGGGRIDKPILK,HUMAN,SELF PEPTIDE,P25120,Uniprot,JOURNAL OF EXPERIMENTAL MEDICINE 1995 182 1883-1895
LLVLQAGFFL,HUMAN,VIRAL,P03140,Uniprot,JOURNAL OF EXPERIMENTAL MEDICINE 1999 190 1227-1239
YLHTLWKAGI,HUMAN,VIRAL,P04484,Uniprot,JOURNAL OF EXPERIMENTAL MEDICINE 1999 190 1227-1239
AIRLKVFVL,HUMAN,VIRAL,P12936,Uniprot,JOURNAL OF EXPERIMENTAL MEDICINE 1995 182 1883-1895
GAIDKPILK,HUMAN,SELF PEPTIDE,P25120,Uniprot,JOURNAL OF EXPERIMENTAL MEDICINE 1995 182 1883-1895
SGKTYLSYLLPAIVHI,HUMAN,SELF PEPTIDE,P17844,Uniprot,JOURNAL OF EXPERIMENTAL MEDICINE 1995 182 1883-1895
STLELRSRYWAIRTR,HUMAN,VIRAL,P21433,Uniprot,JOURNAL OF EXPERIMENTAL MEDICINE 1995 182 1883-1895
SYLLPAIVHI,HUMAN,SELF PEPTIDE,P17844,Uniprot,JOURNAL OF EXPERIMENTAL MEDICINE 1995 182 1883-1895
ALNPQNTVFDAKRLIGR,HUMAN,SELF PEPTIDE,P08107,Uniprot,JOURNAL OF EXPERIMENTAL MEDICINE 1995 182 1883-1895
KTVVKKDVFRDPALK,HUMAN,SELF PEPTIDE,P08526,Uniprot,JOURNAL OF EXPERIMENTAL MEDICINE 1995 182 1883-1895
RRYNASTAL,HUMAN,SELF PEPTIDE,P06351,Uniprot,JOURNAL OF BIOLOGICAL CHEMISTRY 1995 270 18512-18516
VALREIRRYQKSTEL,HUMAN,SELF PEPTIDE,P16106,Uniprot,JOURNAL OF EXPERIMENTAL MEDICINE 1995 182 1883-1895
SRFAFVVAK,HUMAN,SYNTHETIC,not applicable,Uniprot,JOURNAL OF EXPERIMENTAL MEDICINE 1995 182 1883-1895
SRFAKKFAK,HUMAN,SYNTHETIC,not applicable,Uniprot,JOURNAL OF EXPERIMENTAL MEDICINE 1995 182 1883-1895
SRFASFKAK,HUMAN,SYNTHETIC,not applicable,Uniprot,JOURNAL OF EXPERIMENTAL MEDICINE 1995 182 1883-1895
SRKAKSSAK,HUMAN,BACTERIAL,P54992,Uniprot,JOURNAL OF EXPERIMENTAL MEDICINE 1995 182 1883-1895
SRKAVSFAK,HUMAN,SYNTHETIC,not applicable,Uniprot,JOURNAL OF EXPERIMENTAL MEDICINE 1995 182 1883-1895
SRSAFFKAK,HUMAN,SYNTHETIC,not applicable,Uniprot,JOURNAL OF EXPERIMENTAL MEDICINE 1995 182 1883-1895
SRSAKFVAK,HUMAN,SYNTHETIC,not applicable,Uniprot,JOURNAL OF EXPERIMENTAL MEDICINE 1995 182 1883-1895
SRVASVFAK,HUMAN,SYNTHETIC,not applicable,Uniprot,JOURNAL OF EXPERIMENTAL MEDICINE 1995 182 1883-1895
SRVAVKSAK,HUMAN,SYNTHETIC,not applicable,Uniprot,JOURNAL OF EXPERIMENTAL MEDICINE 1995 182 1883-1895
SRWAVVWAK,HUMAN,SYNTHETIC,not applicable,Uniprot,JOURNAL OF EXPERIMENTAL MEDICINE 1995 182 1883-1895
LAFLQDVMNILLQYM,HUMAN,SELF PEPTIDE,Q05329,Uniprot,JOURNAL OF EXPERIMENTAL MEDICINE 1995 182 1883-1895
APEEKIWEELSVLEVF,HUMAN,CANCER,P43357,Uniprot,INTERNATIONAL JOURNAL OF CANCER 1996 68 622-628
GLYSSTAPI,HUMAN,VIRAL,P17100,Uniprot,JOURNAL OF EXPERIMENTAL MEDICINE 1999 190 1227-1239
QAPLRPMTYK,HUMAN,VIRAL,P03405,Uniprot,JOURNAL OF EXPERIMENTAL MEDICINE 1995 182 1883-1895
EIRRYNASTELLI,HUMAN,SELF PEPTIDE,P06351,Uniprot,JOURNAL OF BIOLOGICAL CHEMISTRY 1995 270 18512-18516
EIRRYNASTELLIR,HUMAN,SELF PEPTIDE,P06351,Uniprot,JOURNAL OF BIOLOGICAL CHEMISTRY 1995 270 18512-18516
EIRYNASTELR,HUMAN,SELF PEPTIDE,P06351,Uniprot,JOURNAL OF BIOLOGICAL CHEMISTRY 1995 270 18512-18516
GGKDSASPRYIFTML,HUMAN,SELF PEPTIDE,P11388,Uniprot,JOURNAL OF EXPERIMENTAL MEDICINE 1995 182 1883-1895
GRYNASTEL,HUMAN,MISCELLANEOUS,not applicable,Uniprot,PROC.NATL.ACAD.SCI 1997 94 8976-8981
IRRYNASTEL,HUMAN,SELF PEPTIDE,P06351,Uniprot,JOURNAL OF BIOLOGICAL CHEMISTRY 1995 270 18512-18516
IRRYNASTELL,HUMAN,SELF PEPTIDE,P06351,Uniprot,JOURNAL OF BIOLOGICAL CHEMISTRY 1995 270 18512-18516
KKYNASTEL,HUMAN,SELF PEPTIDE,P06351,Uniprot,JOURNAL OF BIOLOGICAL CHEMISTRY 1995 270 18512-18516
KRYNASTEL,HUMAN,SELF PEPTIDE,P06351,Uniprot,JOURNAL OF BIOLOGICAL CHEMISTRY 1995 270 18512-18516
RAYNASTEL,HUMAN,SELF PEPTIDE,P06351,Uniprot,JOURNAL OF BIOLOGICAL CHEMISTRY 1995 270 18512-18516
REIRRYNASTELLIR,HUMAN,SELF PEPTIDE,P06351,Uniprot,JOURNAL OF BIOLOGICAL CHEMISTRY 1995 270 18512-18516
RKYNASTEL,HUMAN,SELF PEPTIDE,P06351,Uniprot,JOURNAL OF BIOLOGICAL CHEMISTRY 1995 270 18512-18516
RRFNASTEL,HUMAN,SELF PEPTIDE,P06351,Uniprot,JOURNAL OF BIOLOGICAL CHEMISTRY 1995 270 18512-18516
RRYNASTDL,HUMAN,SELF PEPTIDE,P06351,Uniprot,JOURNAL OF BIOLOGICAL CHEMISTRY 1995 270 18512-18516
RRYNASTEA,HUMAN,SELF PEPTIDE,P06351,Uniprot,JOURNAL OF BIOLOGICAL CHEMISTRY 1995 270 18512-18516
RRYNASTEF,HUMAN,SELF PEPTIDE,P06351,Uniprot,JOURNAL OF BIOLOGICAL CHEMISTRY 1995 270 18512-18516
RRYNASTEI,HUMAN,SELF PEPTIDE,P06351,Uniprot,JOURNAL OF BIOLOGICAL CHEMISTRY 1995 270 18512-18516
RRYNASTEL,HUMAN; MOUSE,SELF PEPTIDE,P06351; P16106,Uniprot,EMBO JOURNAL 1996 15 3247-3255; JOURNAL OF BIOLOGICAL CHEMISTRY 1995 270 18512-18516; INTERNATIONAL JOURNAL OF CANCER 1996 68 622-628; PROC.NATL.ACAD.SCI. USA 2001 98 3732-3737; PROC.NATL.ACAD.SCI 1997 94 8976-8981
RRYNASTELL,HUMAN,SELF PEPTIDE,P06351,Uniprot,JOURNAL OF BIOLOGICAL CHEMISTRY 1995 270 18512-18516
RRYQASTEL,HUMAN,SELF PEPTIDE,P06351,Uniprot,JOURNAL OF BIOLOGICAL CHEMISTRY 1995 270 18512-18516
EELRSLYNTVATL,HUMAN,VIRAL,P05889,Uniprot,JOURNAL OF VIROLOGY 2002 76 10219-10225
ELRSLYNTVATL,HUMAN,VIRAL,P05889,Uniprot,JOURNAL OF VIROLOGY 2002 76 10219-10225
GSEELRSLYNTVATL,HUMAN,VIRAL,P05889,Uniprot,JOURNAL OF VIROLOGY 2002 76 10219-10225
LRSLYNTVATL,HUMAN,VIRAL,P05889,Uniprot,JOURNAL OF VIROLOGY 2002 76 10219-10225
RSLYNTVATL,HUMAN,VIRAL,P05889,Uniprot,JOURNAL OF VIROLOGY 2002 76 10219-10225
SEELRSLYNTVATL,HUMAN,VIRAL,P05889,Uniprot,JOURNAL OF VIROLOGY 2002 76 10219-10225
SLYNTVATL,HUMAN,VIRAL,P05889,Uniprot,JOURNAL OF VIROLOGY 2002 76 10219-10225
TGSEERSLYNTVATL,HUMAN,VIRAL,P05889,Uniprot,JOURNAL OF EXPERIMENTAL MEDICINE 1995 182 1883-1895
RAYQKSTEL,HUMAN,SELF PEPTIDE,P06351,Uniprot,JOURNAL OF EXPERIMENTAL MEDICINE 1995 182 1883-1895
AVPLRPMTYA,HUMAN,VIRAL,P05857,Uniprot,JOURNAL OF EXPERIMENTAL MEDICINE 1995 182 1883-1895
LETSKQYRR,HUMAN,SYNTHETIC,not applicable,Uniprot,JOURNAL OF EXPERIMENTAL MEDICINE 1995 182 1883-1895
RRYQKSTE,HUMAN,SELF PEPTIDE,P06351,Uniprot,JOURNAL OF EXPERIMENTAL MEDICINE 1995 182 1883-1895
RRYQKSTEA,HUMAN; RAT,SELF PEPTIDE,P06351; Q07141,Uniprot,JOURNAL OF EXPERIMENTAL MEDICINE 1995 182 1883-1895; MOLECULAR IMMUNOLOGY 1998 35 427-433
RRYQKSTEL,HUMAN; RAT,SELF PEPTIDE,P06351; P16106; Q07141,Uniprot,JOURNAL OF EXPERIMENTAL MEDICINE 1995 182 1883-1895; JOURNAL OF BIOLOGICAL CHEMISTRY 1995 270 18512-18516; PROC.NATL.ACAD.SCI. USA 2001 98 3732-3737; JOURNAL OF MOLECULAR BIOLOGY 2002 324 965-973; MOLECULAR IMMUNOLOGY 1998 35 427-433; PROC.NATL.ACAD.SCI 1997 94 8976-8981
TEYLEERRIKEIVKK,HUMAN,SELF PEPTIDE,P07900,Uniprot,JOURNAL OF EXPERIMENTAL MEDICINE 1995 182 1883-1895
ENREILKEPVHGV,HUMAN,VIRAL,P04589,Uniprot,JOURNAL OF VIROLOGY 2002 76 10219-10225
NREILKEPVHGV,HUMAN,VIRAL,P04589,Uniprot,JOURNAL OF VIROLOGY 2002 76 10219-10225
REILKEPVHGV,HUMAN,VIRAL,P04589,Uniprot,JOURNAL OF VIROLOGY 2002 76 10219-10225
ILRGTSFVYV,HUMAN,VIRAL,P03156,Uniprot,JOURNAL OF EXPERIMENTAL MEDICINE 1999 190 1227-1239
KLIPKDIRG,HUMAN,SYNTHETIC,not applicable,Uniprot,JOURNAL OF EXPERIMENTAL MEDICINE 1995 182 1883-1895
FLLTRILTI,HUMAN,VIRAL,P17397,Uniprot,JOURNAL OF EXPERIMENTAL MEDICINE 1999 190 1227-1239
GRIDKPIL,HUMAN,SELF PEPTIDE,P25120,Uniprot,JOURNAL OF EXPERIMENTAL MEDICINE 1995 182 1883-1895
GRIDKPILA,HUMAN; RAT,SELF PEPTIDE,P25120; Q07141,Uniprot,JOURNAL OF EXPERIMENTAL MEDICINE 1995 182 1883-1895; MOLECULAR IMMUNOLOGY 1998 35 427-433
GRIDKPILK,HUMAN; RAT,SELF PEPTIDE,P25120; Q07141,Uniprot,JOURNAL OF EXPERIMENTAL MEDICINE 1995 182 1883-1895; MOLECULAR IMMUNOLOGY 1998 35 427-433
NRYMPRIRY,HUMAN,MISCELLANEOUS,not applicable,Uniprot,PROC.NATL.ACAD.SCI 1997 94 8976-8981
RIDKPIL,HUMAN,SELF PEPTIDE,P25120,Uniprot,JOURNAL OF EXPERIMENTAL MEDICINE 1995 182 1883-1895
RIDKPILK,HUMAN,SELF PEPTIDE,P25120,Uniprot,JOURNAL OF EXPERIMENTAL MEDICINE 1995 182 1883-1895
EIRLKVFVL,HUMAN,VIRAL,P12936,Uniprot,JOURNAL OF EXPERIMENTAL MEDICINE 1995 182 1883-1895
KYTMPRLPVQ,HUMAN,SYNTHETIC,not applicable,Uniprot,JOURNAL OF EXPERIMENTAL MEDICINE 1995 182 1883-1895
QVPLRMTYA,RAT,SELF PEPTIDE,Q07141,Uniprot,MOLECULAR IMMUNOLOGY 1998 35 427-433
QVPLRMTYK,RAT,SELF PEPTIDE,Q07141,Uniprot,MOLECULAR IMMUNOLOGY 1998 35 427-433
QNLLQTEENLLDFVRF,HUMAN,VIRAL,P03204,Uniprot,JOURNAL OF EXPERIMENTAL MEDICINE 1995 182 1883-1895
GFPVTPQVPLRPMTYK,HUMAN,VIRAL,P03404,Uniprot,JOURNAL OF EXPERIMENTAL MEDICINE 1995 182 1883-1895
QVPLRPMTY,HUMAN,VIRAL,P03405,Uniprot,JOURNAL OF EXPERIMENTAL MEDICINE 1995 182 1883-1895
QVPLRPMTYA,HUMAN,VIRAL,P03405,Uniprot,JOURNAL OF EXPERIMENTAL MEDICINE 1995 182 1883-1895
QVPLRPMTYK,HUMAN,VIRAL,P03405,Uniprot,JOURNAL OF EXPERIMENTAL MEDICINE 1995 182 1883-1895
TCSRPKSNIVLL,HUMAN,SELF PEPTIDE,P11836,Uniprot,JOURNAL OF EXPERIMENTAL MEDICINE 1995 182 1883-1895
VPLRPMT,HUMAN,VIRAL,P03405,Uniprot,JOURNAL OF EXPERIMENTAL MEDICINE 1995 182 1883-1895
VPLRPMTY,HUMAN,VIRAL,P03405,Uniprot,JOURNAL OF EXPERIMENTAL MEDICINE 1995 182 1883-1895
VPLRPMTYK,HUMAN,VIRAL,P03405,Uniprot,JOURNAL OF EXPERIMENTAL MEDICINE 1995 182 1883-1895
WKRTCSRPKSNIVLL,HUMAN,SELF PEPTIDE,P11836,Uniprot,JOURNAL OF EXPERIMENTAL MEDICINE 1995 182 1883-1895
RYQKSTE,HUMAN,SELF PEPTIDE,P06351,Uniprot,JOURNAL OF EXPERIMENTAL MEDICINE 1995 182 1883-1895
RYQKSTEL,HUMAN,SELF PEPTIDE,P06351,Uniprot,JOURNAL OF EXPERIMENTAL MEDICINE 1995 182 1883-1895
TPGPGVRY,HUMAN,VIRAL,P03405,Uniprot,JOURNAL OF EXPERIMENTAL MEDICINE 2000 191 239-252
TPGPGVRYPL,HUMAN,VIRAL,P03405,Uniprot,JOURNAL OF EXPERIMENTAL MEDICINE 2000 191 239-252
YEDSSNQEEEGPSTF,HUMAN,CANCER,P43357,Uniprot,INTERNATIONAL JOURNAL OF CANCER 1996 68 622-628
FLCKQYLNL,HUMAN,VIRAL,P03155,Uniprot,JOURNAL OF EXPERIMENTAL MEDICINE 1999 190 1227-1239
NLSWLSLDV,HUMAN,VIRAL,P12933,Uniprot,JOURNAL OF EXPERIMENTAL MEDICINE 1999 190 1227-1239
TNFLLSLGIHL,HUMAN,VIRAL,P03156,Uniprot,JOURNAL OF EXPERIMENTAL MEDICINE 1995 182 1883-1895
EPGNTWDED,HUMAN,MISCELLANEOUS,not applicable,Uniprot,PROC.NATL.ACAD.SCI 1997 94 8976-8981
YLVSFFGVNY,HUMAN,VIRAL,not applicable,Uniprot,JOURNAL OF EXPERIMENTAL MEDICINE 1999 190 1227-1239
FLPSDFFPSV,HUMAN,VIRAL,P03146,Uniprot,JOURNAL OF EXPERIMENTAL MEDICINE 1999 190 1227-1239
LFLPSDFFPSV,HUMAN,VIRAL,P17391,Uniprot,JOURNAL OF IMMUNOLOGY 2003 170 2977-2984
YFLPSDFFPSV,HUMAN,VIRAL,P17391,Uniprot,JOURNAL OF IMMUNOLOGY 2003 170 2977-2984
LLPSELTLWVDPYEV,HUMAN,MOUSE,Q04211,Uniprot,JOURNAL OF EXPERIMENTAL MEDICINE 1995 182 1883-1895
VFGIELMEVDPIGHLY,HUMAN,CANCER,P43357,Uniprot,INTERNATIONAL JOURNAL OF CANCER 1996 68 622-628
VLLDYQGML,HUMAN,VIRAL,P24025,Uniprot,JOURNAL OF EXPERIMENTAL MEDICINE 1999 190 1227-1239
FLGGTPVCL,HUMAN,VIRAL,P17399,Uniprot,JOURNAL OF EXPERIMENTAL MEDICINE 1999 190 1227-1239
ILLLCLIFL,HUMAN,VIRAL,P03140,Uniprot,JOURNAL OF EXPERIMENTAL MEDICINE 1999 190 1227-1239
LLPIFFCLWV,HUMAN,VIRAL,P17397,Uniprot,JOURNAL OF EXPERIMENTAL MEDICINE 1999 190 1227-1239
QLFHLCLII,HUMAN,VIRAL,P03113,Uniprot,JOURNAL OF EXPERIMENTAL MEDICINE 1999 190 1227-1239
IISCTCPVT,HUMAN,VIRAL,P17099,Uniprot,JOURNAL OF EXPERIMENTAL MEDICINE 1999 190 1227-1239
ILCWGELMTL,HUMAN,VIRAL,P03146,Uniprot,JOURNAL OF EXPERIMENTAL MEDICINE 1999 190 1227-1239
PLTFGWCYKL,HUMAN,VIRAL,P03405,Uniprot,JOURNAL OF EXPERIMENTAL MEDICINE 2000 191 239-252
PLTFGWCYKLV,HUMAN,VIRAL,P03405,Uniprot,JOURNAL OF EXPERIMENTAL MEDICINE 2000 191 239-252
YPLTFGWCY,HUMAN,VIRAL,P03405,Uniprot,JOURNAL OF EXPERIMENTAL MEDICINE 2000 191 239-252
EILKEPVHGV,HUMAN,VIRAL,P04589,Uniprot,JOURNAL OF VIROLOGY 2002 76 10219-10225
ILKEPVHGV,HUMAN,VIRAL,P04589,Uniprot,JOURNAL OF VIROLOGY 2002 76 10219-10225
FLLSLGIHL,HUMAN,VIRAL,P03156,Uniprot,JOURNAL OF EXPERIMENTAL MEDICINE 1999 190 1227-1239
MMWYWGPSL,HUMAN,VIRAL,P24025,Uniprot,JOURNAL OF EXPERIMENTAL MEDICINE 1999 190 1227-1239
KLHLYSHPI,HUMAN,VIRAL,P03156,Uniprot,JOURNAL OF EXPERIMENTAL MEDICINE 1999 190 1227-1239
ILSPFLPLL,HUMAN,VIRAL,P03140,Uniprot,JOURNAL OF EXPERIMENTAL MEDICINE 1999 190 1227-1239
WLSLLVPFV,HUMAN,VIRAL,P12934,Uniprot,JOURNAL OF EXPERIMENTAL MEDICINE 1999 190 1227-1239
